{
    "loss": 25.866971969604492,
    "accuracy": 0.5686274766921997
}